<?xml version="1.0" encoding="UTF-8"?>
<project-private xmlns="http://www.netbeans.org/ns/project-private/1">
    <editor-bookmarks xmlns="http://www.netbeans.org/ns/editor-bookmarks/2" lastBookmarkId="0"/>
    <open-files xmlns="http://www.netbeans.org/ns/projectui-open-files/2">
        <group>
            <file>file:/C:/Users/upadh/OneDrive/Documents/NetBeansProjects/Chat%20Program%20In%20Java%20Source%20Code/EchoChat/src/org/me/myimageapp/defaulttxt.txt</file>
            <file>file:/C:/Users/upadh/OneDrive/Documents/NetBeansProjects/Chat%20Program%20In%20Java%20Source%20Code/EchoChat/src/org/me/myimageapp/createAccount.java</file>
            <file>file:/C:/Users/upadh/OneDrive/Documents/NetBeansProjects/Chat%20Program%20In%20Java%20Source%20Code/EchoChat/src/PeriodicTable.java</file>
            <file>file:/C:/Users/upadh/OneDrive/Documents/NetBeansProjects/Chat%20Program%20In%20Java%20Source%20Code/EchoChat/src/org/me/myimageapp/ImageDisplay.java</file>
            <file>file:/C:/Users/upadh/OneDrive/Documents/NetBeansProjects/Chat%20Program%20In%20Java%20Source%20Code/EchoChat/src/org/me/myimageapp/dev.java</file>
            <file>jar:file:/C:/Users/upadh/OneDrive/Documents/NetBeansProjects/Chat%20Program%20In%20Java%20Source%20Code/EchoChat/src/org/me/myimageapp/mysqlconnector.jar!/META-INF/INDEX.LIST</file>
            <file>file:/C:/Users/upadh/OneDrive/Documents/NetBeansProjects/Chat%20Program%20In%20Java%20Source%20Code/EchoChat/src/org/me/myimageapp/jpass.java</file>
            <file>file:/C:/Users/upadh/OneDrive/Documents/NetBeansProjects/Chat%20Program%20In%20Java%20Source%20Code/EchoChat/src/org/me/myimageapp/CreateCon.java</file>
            <file>file:/C:/Users/upadh/OneDrive/Documents/NetBeansProjects/Chat%20Program%20In%20Java%20Source%20Code/EchoChat/src/org/me/myimageapp/conPrivate.java</file>
            <file>file:/C:/Users/upadh/OneDrive/Documents/NetBeansProjects/Chat%20Program%20In%20Java%20Source%20Code/EchoChat/src/org/me/myimageapp/logo.jpg</file>
            <file>file:/C:/Users/upadh/OneDrive/Documents/NetBeansProjects/Chat%20Program%20In%20Java%20Source%20Code/EchoChat/src/org/me/myimageapp/MainMenu.java</file>
        </group>
    </open-files>
</project-private>
